ID,Scholarship,Programme,University,Country,Deadline,Status,Funding,Fee,English,Elig.,Score,Competitiveness,Field,Roy Eligible?,Notes / Action,Official Link,Category
1,Chevening 2027/28,"Any eligible 1-year UK MSc (e.g. MSc Renewable Energy Engineering, Sustainable Energy Systems, Energy Policy)",Various UK universities (applicant selects and applies separately),United Kingdom,6 Oct 2026,OPEN NOW – 55 DAYS REMAINING,"Fully Funded: tuition + £1,236/mo stipend + flights + visa",Free,Kenyan English-medium education likely accepted by British Council Kenya – confirm,CE,90,Strong match – realistic,"Engineering, Energy, Sustainability, EV, Water",YES,"⚠️ CRITICAL DEADLINE. Roy's profile is EXCEPTIONAL for Chevening: Africa Fellow (Young Energy Leaders), Youth Parliament for Water, KES 50M+ investment catalyzed, 3+ years energy/EV experience, SafariCharge product founder. Leadership + development impact + return commitment = ideal Chevening candidate. START APPLICATION NOW.",https://www.chevening.org/scholarship/kenya/,Roy Priority
2,DAAD EPOS – Renewable Energy Management,MSc Renewable Energy Management,"TH Köln (University of Applied Sciences), Cologne",Germany,~31 Oct 2026 (verify at daad.de – some Oct 2026),OPEN NOW – ~80 DAYS REMAINING,Fully Funded: tuition + EUR 992/mo + flights + health insurance + preparatory German course,Free (apply direct to TH Köln),English taught; Medium of Instruction letter from JKUAT likely accepted – confirm,CE,93,Strong match – realistic,"Renewable Energy, Energy Management, Solar PV, Energy Policy",YES,"HIGHEST SCORE. Roy's PVsyst, HOMER, solar + EV + biogas experience directly matches this programme's focus. DAAD EPOS explicitly targets developing-country professionals. KES 50M+ investment, Siemens battery certification, Africa Fellow = outstanding DAAD profile.",https://www.daad-kenya.org/en/find-funding/scholarships-for-undergraduates-and-postgraduates/,Roy Priority
3,DAAD EPOS – Integrated Water Resources Management,MSc Integrated Water Resources Management,"TH Köln (University of Applied Sciences), Cologne",Germany,~31 Oct 2026 (verify at daad.de),OPEN NOW – ~80 DAYS REMAINING,Fully Funded: tuition + EUR 992/mo + flights + health insurance,Free,English taught; Medium of Instruction letter likely accepted,CE,92,Strong match – realistic,"Water Resources, Irrigation, WASH, Agricultural Water Management",YES,"Roy's Kenya Youth Parliament for Water coordination, borehole/pumping/irrigation projects, QGIS mapping, and ABE degree are exactly what DAAD EPOS – Water seeks. Apply alongside Renewable Energy DAAD at the same university.",https://www.daad.de/en/information-services-for-higher-education-institutions/further-information-on-daad-programmes/in-countryin-region-programme-in-developing-countries/,Roy Priority
4,DAAD EPOS – Hydro Science and Engineering,MSc Hydro Science and Engineering,TU Dresden,Germany,~15 Sep 2026 – VERIFY IMMEDIATELY,OPEN NOW – CHECK DEADLINE URGENTLY (~34 DAYS),Fully Funded: tuition + EUR 992/mo + flights + health insurance,Free,B2 English required; MOI letter status – confirm with TU Dresden,CE,87,Strong match – realistic,"Hydrology, Water Engineering, Flood Management, Agricultural Water",YES,⚠️ TU Dresden deadline may be September 2026 — only ~36 days. VERIFY NOW at static.daad.de. Roy's ABE hydrology modules + water projects + QGIS = strong fit. Apply as top priority after Chevening.,https://static.daad.de/media/daad_de/pdfs_nicht_barrierefrei/in-deutschland-studieren-forschen-lehren/daad_epos_deadlines.pdf,Roy Priority
5,Pan African University – PAUWES,MSc in Water and Energy Sciences including Climate Change,"PAU Institute (hosted at University of Tlemcen, Algeria)",Algeria (Africa),~Dec 2026 (previous cycle closed 15 Dec 2025; next call expected Nov/Dec 2026),OPENING SOON – Monitor from Oct 2026,Fully Funded by African Union: tuition + monthly stipend + accommodation + travel,Free,English and French instruction; African applicants exempt from English test fee; no IELTS typically required,CE,93,Strong match – realistic,"Water, Energy, Climate Change, Sustainable Development",YES,JOINT TOP SCORE. African Union-backed programme designed exactly for Roy's profile: ABE degree + water + solar + EV + climate experience. No IELTS required. His Kenya Youth Parliament for Water and community training are perfect alignment. Monitor pau-au.africa from Oct 2026. Deadline tight once announced.,https://pau-au.africa/,Roy Priority
6,Commonwealth Masters Scholarship 2027/28,"Any eligible MSc at a UK university (Energy, Water, Engineering, Environment)",Various UK universities via CSC UK + Kenya Ministry of Education nomination,United Kingdom,~20 Oct 2026 (est. opens 8 Sep 2026 – based on previous cycle),OPENING SOON – Est. opens 8 Sep 2026,"Fully Funded: tuition + £1,520-1,855/mo stipend + flights + visa + warm-clothing allowance",Free,Kenyan English-medium education accepted by CSC UK – no IELTS required,PE,80,Good match – achievable,"Engineering, Energy, Water, Agriculture, Environment",PE – ⚠️ MBA CONCERN: CSC UK states candidates should 'not have previously studied for a master's degree in the UK'. Roy's MBA is through UEL (a UK university). MUST CLARIFY with CSC UK whether online/distance MBA via Unicaf counts. Contact Ministry of Education AND CSC UK before applying.,⚠️ MBA RISK: Roy is pursuing MBA via UEL (UK institution). CSC UK requires applicants not to have previously studied for a master's in the UK. Whether a Unicaf-delivered online UEL MBA triggers this restriction must be confirmed before investing effort. Apply through Kenya Ministry of Education (not CSC directly). Kenya receives 19 MSc slots.,https://cscuk.fcdo.gov.uk/scholarships/commonwealth-masters-scholarships/,Roy Priority
7,Ireland Fellows Programme 2027/28,"Eligible 1-year MSc in Ireland (Engineering, Energy, Water, Agriculture)","Various Irish universities (UCD, UCC, Trinity, DCU, NUI Galway)",Ireland,~Feb 2027,LIKELY INELIGIBLE DUE TO MBA – CONFIRM BEFORE APPLYING,Fully Funded: tuition + flights + accommodation + living costs,Free,IELTS 6.5 required; Kenyan English education may qualify – needed to confirm,NE,45,Not recommended – confirm first,"Engineering, Energy, Water, Environment","NE – ⚠️ MBA DISQUALIFIES: Ireland Fellows explicitly states candidates must NOT 'be currently studying for [a master's degree or higher]'. Roy is enrolled in MBA 2025-2027. CONFIRMED INELIGIBLE unless: (a) Roy withdraws from MBA before applying, or (b) Irish Aid confirms Unicaf-delivered MBAs are exempt. Contact Irish Embassy Nairobi to confirm before investing any effort.",⚠️ CONFIRMED LIKELY INELIGIBLE: Ireland Fellows explicitly prohibits current master's degree enrollment. Roy is doing MBA via UEL/Unicaf 2025-2027. Do NOT apply without written confirmation from Irish Aid that the online MBA does not trigger this restriction. Contact Ireland Embassy Nairobi.,https://www.ireland.ie/en/kenya/nairobi/news-and-events/news-archive/the-ireland-fellows-programme-2026-2027-is-open/,Roy Priority
8,Stipendium Hungaricum 2027/28,"MSc Engineering Science (Energy Engineering, Environmental Engineering, Water Engineering)","Hungarian universities (BME, ÓE, MATE, University of Miskolc, etc.)",Hungary,~15 Jan 2027 (est.; previous cycle 16 Jan 2026),OPENING SOON – Est. opens Oct/Nov 2026,"Fully Funded: tuition + accommodation; monthly grant ~HUF 40,000 ≈ EUR 100",Free,English-taught programmes available; no IELTS required for English-taught tracks at Hungarian universities,CE,77,Good match – achievable,"Engineering, Energy, Water, Environment, Mechanical",YES – MBA: no impact; 2nd Class Upper meets requirement,Kenya receives 200-place quota. No IELTS required for English-taught programmes. Monthly grant is modest (~EUR 100) but accommodation is covered. Good accessible backup. Monitor Kenya Ministry of Education announcements and stipendiumhungaricum.hu from Oct 2026.,https://stipendiumhungaricum.hu/country/kenya/,Roy Priority
9,GKS – Global Korea Scholarship 2027,"MSc in Electrical Engineering, Energy Engineering, Environmental Engineering or related","Various Korean universities (KAIST, POSTECH, Hanyang, Yonsei, Korea University)",South Korea,~Sep/Oct 2026 (embassy track; confirm with Korean Embassy Nairobi),OPENING SOON – Embassy announcement expected Sep 2026,"Fully Funded: tuition + KRW 900,000/mo ≈ EUR 630/mo + flights + health insurance + Korean language course",Free,Korean language training included; English MSc programmes available; confirm IELTS requirement,LE,83,Strong match – realistic,"Engineering, Smart Grids, EV Technology, Battery, Energy Systems",YES – MBA: no impact; Age 26 meets under-40 requirement,"Korea is world leader in EV, battery storage, smart grid technology — directly aligned with Roy's certifications (Battery Tech Siemens, Electric Mobility, EV charging). Roy's SafariCharge (solar/EV planning tool) is a strong differentiator for Korean EV/battery focused universities. Contact Korean Embassy Nairobi IMMEDIATELY.",https://www.ease-initiative.org/scholarships/202/,Roy Priority
10,Manaaki New Zealand Scholarship 2027,ME or MSc in Electrical Power and Sustainable Energy / Renewable Energy Engineering,"AUT (Auckland University of Technology), University of Auckland, Massey, Victoria",New Zealand,10 Apr 2027 (portal opens 1 Mar 2027),UPCOMING – Opens 1 Mar 2027,"Fully Funded: tuition + NZD 15,000-25,000/yr living allowance + flights + medical insurance",Free,IELTS 6.5 required – check if English-medium Kenyan degree qualifies for exemption,LE,86,Strong match – realistic,"Renewable Energy, Electrical Power, Sustainable Energy, EV",PE – ⚠️ Check if current MBA enrollment affects eligibility; confirm with NZ scholarship office,"AUT has a specific precedent: Kenyan recipient (Carol Munywoki) in MSc Electrical Power & Sustainable Energy. Roy's profile (EV charging, solar, battery certifications, HOMER/PVsyst) is even stronger. Renewable energy is a Manaaki NZ priority field. IELTS 6.5 needed unless Kenyan English degree waives it.",https://www.nzscholarships.govt.nz/,Roy Priority
11,Türkiye Burslari (Turkish Government Scholarship) 2027,"MSc in Energy Engineering, Environmental Engineering, Mechanical Engineering",Various Turkish universities,Türkiye,~Jan-Feb 2027 (announced Dec 2026),UPCOMING – Est. Jan 2027,"Fully Funded: tuition + TRY 5,000-7,000/mo + accommodation + flights + Turkish language course",Free,Turkish language course provided; English-taught MSc available at major Turkish universities,PE,77,Good match – achievable,"Engineering, Energy, Water, Mechanical, Environment",PE – 75% academic threshold stated; Kenyan 2nd Class Upper ≈ 66% — verify if Kenyan classification is accepted,Türkiye Burslari places students — no prior admission needed. Accessible for African applicants. Must clarify the 75% academic threshold vs. 2nd Class Upper equivalency. Roy's strong professional profile and certifications may be considered holistically. Monitor turkiyeburslari.gov.tr from Dec 2026.,https://www.turkiyeburslari.gov.tr/,Roy Priority
12,Fulbright Foreign Student Program 2028/29,"MSc in Renewable Energy, Environmental Engineering, Sustainable Energy",Various US universities (applicant selects),United States,~Apr 2027 (previous cycle: 19 Jan – 20 Apr 2026),UPCOMING – Est. opens Feb 2027,Fully Funded: tuition + stipend + flights + health insurance,Free,TOEFL or IELTS required; GRE may be required by target US university,LE,80,Good match – achievable,"Energy, Engineering, Water, Environment, Data Science",YES – MBA: no impact; professional experience strengthens application,"Roy's Rauell Systems / SafariCharge (Africa-focused energy planning tool) would stand out enormously in a Fulbright application. US universities in renewable energy: MIT, Stanford, Cornell, Colorado State, Arizona State. TOEFL/IELTS required — register for test early 2027.",https://ke.usembassy.gov/u-s-kenya-exchange-programs/,Roy Priority
13,MEXT Research Scholarship 2028,"MSc in Agricultural Engineering, Environmental Engineering, Energy Engineering, Mechanical Engineering",Various Japanese universities,Japan,~May 2027 (previous cycle: 19 May 2026),UPCOMING – Est. Apr-May 2027,"Fully Funded: tuition + JPY 143,000/mo ≈ EUR 880/mo + flights + health insurance",Free,Japanese language training included (6 months); English-taught programmes available,CE,82,Good match – achievable,"Engineering, Agricultural Engineering, Energy, Environmental",YES – Age 26/27 meets cutoff; 2nd Class Upper meets requirement; MBA no impact,"MEXT Research Scholarship specifically accepts agricultural engineering as a field — Roy's BSc ABE from JKUAT qualifies directly. Japan's engineering universities are world-class. Target: Tokyo Tech, Waseda, Kyoto, Tsukuba (strong in agricultural/environmental engineering).",https://www.ke.emb-japan.go.jp/itpr_en/Postgraduate.html,Roy Priority
14,Australia Awards Scholarship,"MSc in Infrastructure Engineering, Water Engineering, Energy Engineering",Various Australian universities,Australia,N/A – Roy does not yet meet 5-year experience requirement,INELIGIBLE – PLAN AHEAD FOR 2029/2030 INTAKE,"Fully Funded: tuition + AUD 29,710/yr + flights + visa + health insurance",Free,IELTS 6.5 minimum required,NE,40,Not eligible at this time,"Infrastructure, Energy, Water, Agriculture","NE – ❌ 5-YEAR EXPERIENCE REQUIREMENT NOT MET: Requires minimum 5 years post-graduation work experience as of 1 February of the application year. Roy graduated Dec 2023. He will have ~3.2 years by Feb 2027 and ~4.2 years by Feb 2028. He meets 5 years ~Dec 2028, making the earliest eligible intake 2030.",❌ CURRENTLY INELIGIBLE: Australia Awards requires 5 years post-graduation work experience for African country applicants. Roy graduated Dec 2023 — he meets this requirement approximately December 2028. Plan to apply for the 2029 or 2030 intake (applications ~Feb 2029/2030). This is a very strong scholarship for Roy's future applications. Diarise for 2028.,https://australiaawardsafrica.org/resources/Africa-Profile-2027-Intake.pdf,Roy Priority
15,Swedish Institute Scholarship 2027/28,MSc Sustainable Energy Engineering (Lund) / MSc Energy Technology (KTH) / MSc Environmental Engineering,"Lund University, KTH Royal Institute of Technology, Chalmers, Uppsala and 700+ others",Sweden,Programme application: 15 Jan 2027; SI portal: ~Feb 2027; Programme application opens: 16 Oct 2026,Programme application opens 16 Oct 2026,"Fully Funded: tuition paid directly + SEK 12,000/mo ≈ EUR 1,065/mo living allowance",~USD 95 application fee (universityadmissions.se),IELTS 6.5 or TOEFL 90; Kenyan English education may not auto-waive — check,LE,84,Strong match – realistic,"Sustainable Energy, Renewable Energy, Environmental Engineering, Water",YES – SI explicitly values leadership; Roy's Africa Fellow + Youth Parliament for Water is exactly what SI looks for,Swedish Institute places enormous weight on leadership experience and contribution to sustainable development — both Roy's strongest areas. Lund MSc Sustainable Energy Engineering is a top match. START PROGRAMME APPLICATION at universityadmissions.se from 16 Oct 2026. Note: IELTS or MOI letter needed — request MOI from JKUAT now.,https://si.se/en/apply/scholarships/swedish-institute-scholarships-for-global-professionals/,Roy Priority
16,JJ/WBGSP – Joint Japan World Bank Graduate Scholarship 2027,"MSc in Water and Sustainable Development, Energy Policy, Environmental Management","41 partner universities (IHE Delft, ANU, UCL, Columbia, Manchester, Wageningen, etc.)",Multiple countries,~Jan-Feb 2027 (Window 1); ~Mar-May 2027 (Window 2),UPCOMING – Est. Jan 2027,Fully Funded: tuition + monthly stipend + flights + USD 600 travel allowance + health insurance,Free,Depends on host university; English proficiency required,PE,82,Good match – achievable,"Water, Sustainable Development, Energy Policy, Climate, Agriculture",PE – Must confirm currently enrolled in development-related employment (✅ Roam Electric); check if MBA enrollment affects eligibility,Roy is currently employed in development-related work at Roam Electric (clean energy transition). IHE Delft (Netherlands) specialises in water — Roy's water background + QGIS + Kenya Youth Parliament for Water is an ideal application. Verify MBA rule before applying. Bachelor's must be 3+ years old (Dec 2023 = meets requirement by Jan 2027).,https://www.worldbank.org/en/programs/scholarships,Roy Priority
17,RESCO Erasmus Mundus (2027 intake – next cycle),MSc in Renewable Energy and Sustainable Construction,"Univ. of A Coruña (Spain), Budapest Univ. of Technology (Hungary), Univ. of Le Havre (France), Univ. of Minho (Portugal), INSA Rouen (France)",Spain / Hungary / France / Portugal,~28 Feb 2027 (est. based on previous cycle),OPENING SOON – Est. Oct-Nov 2026,"Fully Funded: €1,400/mo + full tuition waiver + installation support + travel",Free,B2 English (IELTS/TOEFL/Cambridge/TOEIC or equivalent); MOI letter likely accepted — confirm,LE,85,Strong match – realistic,"Renewable Energy, Sustainable Construction, Energy Systems, Solar",YES – open to all nationalities; AEC/Engineering degree required (ABE qualifies),RESCO explicitly lists 'AEC-related discipline' — Roy's ABE degree qualifies. His PVsyst/HOMER tools and solar/hybrid system design experience are exactly what RESCO trains for. Monitor resco-master.eu from Oct 2026. Request MOI letter from JKUAT now.,https://resco-master.eu/,Roy Priority
18,DENSYS Erasmus Mundus (2027 intake – next cycle),MSc in Decentralised Smart Energy Systems,"Université de Lorraine (France), UPC Barcelona (Spain), Aalto University (Finland)",France / Spain / Finland,~Jan 2027 (previous cycle: 26 Jan 2026),OPENING SOON – Est. Nov 2026,"Fully Funded: €1,400/mo + full tuition waiver + travel support",Free,B2 English; MOI letter likely accepted,LE,82,Good match – achievable,"Smart Grids, Decentralised Energy, AI for Energy, IoT, Battery Systems, EV",YES – open to all nationalities; engineering background required,Roy's SafariCharge (solar/storage/EV planning tool) + battery training (Siemens Stiftung) + Power BI energy monitoring + HOMER/PVsyst = extraordinarily strong DENSYS application. AI for energy and IoT are DENSYS specialisations. Monitor densys.univ-lorraine.fr from Nov 2026.,https://densys.univ-lorraine.fr/,Roy Priority
19,EMSSE Erasmus Mundus (2027 intake – next cycle),MSc in Sustainable Systems Engineering,"IMT Mines Alès (France), Univ. Politecnica Marche (Italy), Univ. of Girona (Spain)",France / Italy / Spain,~Feb 2027 (previous cycle: 15 Feb 2026),OPENING SOON – Est. Nov 2026,"Fully Funded: €1,400/mo + full tuition waiver + mobility support",Free,B2 English; IELTS or MOI letter,LE,78,Good match – achievable,"Sustainable Systems, Circular Economy, Industrial Sustainability, Climate",YES – open to all nationalities; engineering degree required,"Sustainable systems engineering aligns with Roy's energy, water and circular economy training work. Less field-specific than RESCO/DENSYS but an excellent option. Monitor emsse.eu from Nov 2026.",https://emsse.eu/,Roy Priority
20,STEPS Erasmus Mundus (2027 intake – next cycle),MSc in Sustainable Transportation and Electrical Power Systems,"Univ. of Oviedo (Spain), Univ. of Bologna (Italy), Northumbria University (UK)",Spain / Italy / UK,~Dec 2026 (previous cycle: 31 Dec 2025),OPENING SOON – Est. Oct-Nov 2026,"Fully Funded: €1,400/mo + full tuition waiver",Free,B2 English; IELTS or MOI letter,PE,77,Good match – achievable,"Electric Mobility, EV Technology, Power Systems, Sustainable Transport",PE – Electrical/Electronic Engineering preferred; ABE is adjacent; contact programme coordinator,"Roy's EV charging infrastructure work (7-station rollout, EMAK/EPRA engagement), Electric Mobility certification, and SafariCharge (EV planning) directly overlap STEPS content. The background mismatch (ABE vs. EEE) is the main risk — email the programme coordinator to ask if ABE graduates with EV sector experience have been accepted. Monitor emjmdsteps.eu from Oct 2026.",https://www.emjmdsteps.eu/,Roy Priority
21,DCMAPS Erasmus Mundus 2027 (NEW – not yet open),MSc in HVDC and Converter-Based Power Systems Engineering,Coordinator: Spain (consortium TBC — selected 16 Jul 2026),Spain and partners (TBC),Autumn 2026 (exact date TBC),NOT YET OPEN – Monitor from Sep 2026,"Fully Funded: €1,400/mo + full tuition waiver",Free,TBC when programme website published,PE,73,Competitive – worth applying,"HVDC, Power Systems, Smart Grids, Energy Transmission, Converter Systems",PE – Electrical engineering background likely preferred; contact programme when website launches,"HVDC and converter-based systems are the future of grid interconnection and renewable energy integration. Roy's exposure to power systems via EV charging, EPRA engagement and energy planning is relevant but an EEE background is likely preferred. Monitor Erasmus+ and erasmuscatalogue.com from Sep 2026.",https://erasmuscatalogue.com/erasmus-mundus-catalogue-update-2027/,Roy Priority
22,ME3-4S Erasmus Mundus 2027 (NEW – not yet open),MSc Management and Engineering of Environment and Energy for a Sustainable Future,"IMT Atlantique (France, coordinator) + partners TBC",France and partners (TBC),Autumn 2026 (exact date TBC),NOT YET OPEN – Monitor from Sep 2026,"Fully Funded: €1,400/mo + full tuition waiver",Free,B2 English (based on predecessor ME3+ requirements),LE,83,Good match – achievable,"Energy Engineering, Environmental Engineering, Energy Management, Sustainability",YES – based on predecessor programme requirements; confirm eligibility when portal launches,"IMT Atlantique is one of France's top engineering grandes écoles. ME3-4S (successor to ME3+) combines engineering, management and ICT for the energy and environmental transition — closely matching Roy's energy engineering + MBA combination. Monitor imt-atlantique.fr and erasmus+ from Sep 2026.",https://www.imt-atlantique.fr/en/study/masters/emjmd/me3plus,Roy Priority
23,WAVES Erasmus Mundus 2027 (NEW – not yet open),MSc in Water Vulnerability Engineering in Spatial Sciences,Coordinator: Netherlands (TBC — selected 16 Jul 2026),Netherlands and partners (TBC),Autumn 2026 (exact date TBC),NOT YET OPEN – Monitor from Sep 2026,"Fully Funded: €1,400/mo + full tuition waiver",Free,TBC when programme website published,LE,80,Good match – achievable,"Water Engineering, Water Resources, Climate Resilience, Spatial Science, GIS",YES – water + spatial science aligns with ABE background; confirm when portal opens,"WAVES water vulnerability engineering + spatial sciences is highly aligned with Roy's QGIS spatial mapping skills, Kenya Youth Parliament for Water coordination, borehole/irrigation project experience. Netherlands universities (Delft, Wageningen, IHE) are world leaders in water engineering. Monitor Erasmus+ and erasmuscatalogue.com.",https://erasmuscatalogue.com/erasmus-mundus-catalogue-update-2027/,Roy Priority
24,Mastercard Foundation Scholars Program,"MSc at partner universities (Edinburgh, Cornell, AIMS, McGill, African universities)",62+ partner universities globally,Multiple countries,Varies by partner university (typically Oct-Jan for Sep start),VARIES – check each partner,Fully Funded: tuition + accommodation + living allowance + mentoring + airfare,Free,Varies by university,CE,83,Good match – achievable,"Engineering, Energy, Sustainability, Agriculture, Water, Data Science",YES – transformative African leadership focus; Roy's community training and Africa Fellow status ideal,"Roy is near-perfect for Mastercard Foundation: proven transformative leadership (Africa Fellow, Youth Parliament for Water), community trainer (rural solar/RE/circular economy), technology entrepreneur (SafariCharge for African markets), development impact (KES 50M+ investment, biogas systems). Check AIMS, Ashesi, and African partner universities for engineering MSc availability.",https://mastercardfdn.org/en/what-we-do/our-programs/mastercard-foundation-scholars-program/,Roy Priority
25,Swedish Institute – ARUA Scholarship,MSc Sustainable Energy Engineering / Environmental Studies and Sustainability Science,Lund University (ARUA partner network),Sweden,15 Jan 2027 (programme application); scholarship spring 2027,Programme application opens 16 Oct 2026,Partial to Full: tuition + possibly living allowance (ARUA-specific terms vary),~USD 95 application fee,IELTS 6.5; check if JKUAT ARUA membership enables additional support,PE,72,Good match – achievable,"Sustainable Energy, Environmental Studies, Sustainability Science",PE – Check if JKUAT is an ARUA member to access ARUA-specific scholarship; SI main scholarship is higher priority,"The ARUA (African Research Universities Alliance) scholarship at Lund is additional support for students from ARUA member universities. Check whether JKUAT is an ARUA member. Even without ARUA, the Swedish Institute main scholarship (Record 15) covers Lund programmes.",https://www.lunduniversity.lu.se/study/bachelors-and-masters-studies/scholarships-and-awards/lund-university-global-scholarship,Roy Priority
26,JJ/WBGSP – IHE Delft Water Track,MSc in Water and Sustainable Development,IHE Delft Institute for Water Education (Netherlands),Netherlands,~Jan-Feb 2027 (via JJ/WBGSP),UPCOMING – Est. Jan 2027,Fully Funded: tuition + stipend + flights + USD 600 travel + health insurance,Free,IELTS 6.5 or TOEFL 90 (IHE Delft requirement); MOI letter – confirm,CE,84,Strong match – realistic,"Water Engineering, WASH, Irrigation, Water Resources, Water Policy","YES – water engineering, currently employed in development, bachelor's 3+ years old","IHE Delft is the world's largest water education institute. Roy's ABE degree (irrigation, hydrology, water supply), QGIS mapping, Kenya Youth Parliament for Water, borehole/pumping projects, and current employment in clean energy = outstanding profile. Apply via JJ/WBGSP Window 1 (~Jan 2027). This deserves special attention as a top-5 water scholarship.",https://www.un-ihe.org/jjwbgsp,Roy Priority
27,OFID/GIZ Renewable Energy Scholarship,MSc in Renewable Energy Engineering or Renewable Energy Management,OFID/GIZ partner universities (Germany and elsewhere),Germany / others,TBD – OFID paused programme; monitor opecfund.org,STATUS UNCLEAR – Programme under restructuring,Fully Funded (tuition + stipend + travel; details TBC after restructure),Free (when open),English B2 required,PE,68,Competitive – worth applying when open,"Renewable Energy, Energy Efficiency, Climate, Solar PV","PE – when programme reopens, Sub-Saharan Africa is eligible; Roy's profile would be excellent","OFID/GIZ previously offered scholarships for young energy professionals from developing countries — Roy's profile (solar PV design, HOMER, battery, EV, EPRA) would be among the best possible candidates when this reopens. Monitor opecfund.org.",https://opecfund.org/operations/list/ofid-giz-scholarships-in-renewable-energy-and-energy-efficiency,Roy Priority
28,African Development Bank – Japan Africa Dream Scholarship,MSc in Energy Development and related disciplines,"Ritsumeikan Asia Pacific University (APU), Japan",Japan,Check AfDB website – usually opens Jan/Feb,UPCOMING – Check AfDB website,Fully Funded: tuition + stipend + flights + health insurance,Free,IELTS or TOEFL required; English-taught programme,LE,75,Good match – achievable,"Energy, Agriculture, Environment, Development","YES – African professionals, development focus, engineering background valued",AfDB-Japan specifically targets African professionals in energy and development. Roy's 3+ years in solar/EV/biogas in Kenya with real investment impact (KES 50M+) is compelling. Monitor AfDB scholarship website from Jan 2027.,https://admissions.apu.ac.jp/graduate/how_to_apply/external_scholarship/AfDB_JADS/,Roy Priority
29,TU Delft Sub-Saharan Africa Excellence Scholarship,MSc in Sustainable Energy Technology (SET),Delft University of Technology,Netherlands,~1 Dec 2026 (est. based on previous cycle),UPCOMING – Est. Dec 2026,Partial to Full: full tuition + contribution to living costs,~EUR 100 application fee (Osiris portal),IELTS 6.5 or TOEFL 90; English taught,PE,70,Competitive – worth applying,"Sustainable Energy, Renewable Energy, Solar, Battery, Power Systems",PE – GPA ≥80% of scale maximum required (Roy at 66% = below 80%); contact TU Delft to discuss profile,"GPA threshold (80% of scale) is the main challenge. Roy's professional portfolio (HOMER, PVsyst, battery training, EV infrastructure, SafariCharge) is extraordinary and may allow a holistic review. Contact TU Delft MSc SET admissions to discuss whether professional achievements can be considered alongside GPA. The programme itself (not just scholarship) is excellent.",https://www.tudelft.nl/en/education/study-programme-orientation/practical-matters/scholarships,Roy Priority
30,KAIST Global Fellowship,"MSc in Energy Policy, Smart Grid Technology, Electric Vehicle Technology",Korea Advanced Institute of Science and Technology,South Korea,~Dec 2026 – Feb 2027 (confirm on kaist.ac.kr),UPCOMING – Est. Dec 2026,"Fully Funded: full tuition + KRW 900,000/mo + research funding",Free,TOEFL 83 or IELTS 6.5; English-taught,LE,75,Competitive – worth applying,"Smart Grid, EV Technology, Energy Policy, AI for Energy, Battery",YES – international students eligible; engineering + energy experience highly valued,"KAIST is Asia's MIT. Roy's SafariCharge product, battery training (Siemens Stiftung), EV infrastructure work (EMAK/EPRA) and Data Fundamentals for Sustainable Mobility certification are highly relevant to KAIST's EV and smart grid research. Strong reach application but well worth attempting alongside GKS.",https://admission.kaist.ac.kr/intl-graduate/,Roy Priority
31,Pan African University – PAULESI (Nigeria),"MSc in Life and Earth Sciences (Agricultural Engineering, Environmental Science track)","PAU Institute hosted at University of Ibadan, Nigeria",Nigeria (Africa),~Dec 2026 (est. same cycle as PAUWES),OPENING SOON – Est. Nov/Dec 2026,Fully Funded by African Union: tuition + stipend + accommodation + travel,Free,English medium; no IELTS required for African applicants,CE,78,Good match – achievable,"Agricultural Engineering, Environmental Science, Biosystems, Food/Agriculture",YES – BSc ABE from JKUAT is directly relevant,"PAULESI covers agricultural engineering and environmental science — Roy's core BSc field. African Union scholarship, no IELTS, African applicant. A strong backup to PAUWES. Monitor pau-au.africa alongside PAUWES call.",https://pau-au.africa/,Roy Priority
32,Intra-Africa Academic Mobility – INTERACT Africa,MSc in Renewable Energy / Sustainable Agriculture / Climate and Environment,Moi University + African partner universities,Kenya / Multiple African countries,Check interactafrica.mu.ac.ke,VARIES – check current call,Fully Funded: tuition + stipend + accommodation + mobility grant,Free,English medium; no IELTS for African applicants,CE,75,Good match – achievable,"Renewable Energy, Sustainable Agriculture, Climate, Water","YES – Kenyan student, JKUAT-adjacent institution, no IELTS",INTERACT Africa enables mobility between African universities in energy and agricultural fields. No IELTS required. Roy can study at a partner African university under full funding. Check interactafrica.mu.ac.ke for current calls.,https://interactafrica.mu.ac.ke/scholarship/,Roy Priority
33,Chinese Government Scholarship (CSC) 2027,"MSc in Energy Engineering, Electrical Engineering, Environmental Engineering, Agricultural Engineering","Top Chinese universities (HUST, Zhejiang, SCUT, BJUT, Tongji, NEU)",China,~Mar 2027 (typical annual cycle; confirm with Chinese Embassy Nairobi),UPCOMING – Est. Mar 2027,"Fully Funded: tuition + CNY 3,000/mo ≈ EUR 395/mo stipend + accommodation + medical insurance",Free (Embassy route) / ~CNY 400 (direct to university),English-taught programmes available; no HSK required for English-taught,LE,74,Good match – achievable,"Energy Engineering, Electrical Engineering, Agricultural Engineering, Smart Energy",YES – Kenya eligible via Embassy route,"China is world-leading in solar PV manufacturing, EV, battery storage, smart grid — all directly aligned with Roy's work. Apply through Chinese Embassy Nairobi. HUST and SCUT are strong for energy engineering. Contact Embassy for 2027 cycle dates from Feb 2027.",https://www.campuschina.org/,Roy Priority
34,Eiffel Excellence Scholarship 2027/28,"MSc in Energy Engineering, Environmental Engineering, Sustainable Development","French engineering grandes écoles (IMT Atlantique, Mines Paris, Centrale, ENPC)",France,~Jan 2027 (previous cycle: 8 Jan 2026; est. similar),UPCOMING – Est. Oct 2026,"Partial: EUR 1,200/mo for 12-24 months + accommodation supplement + health insurance",Free (French institution nominates),French institution must nominate student — student cannot apply directly,PE,71,Good match – achievable,"Energy Engineering, Environmental Engineering, Sustainable Development",PE – Student cannot apply directly; French institution must nominate; must secure admission first; age: born after 31 Mar 1997 (Roy born 2000 ✅),"Roy must first secure admission to a French MSc (e.g. IMT Atlantique, Mines Paris), then the institution nominates to Campus France. Contact IMT Atlantique's international admissions from Sep 2026 if ME3-4S Erasmus Mundus is not selected. Eiffel is supplementary to a French institution application.",https://www.campusfrance.org/en/france-excellence-eiffel-scholarship-program,Roy Priority
35,RUFORUM Graduate Research Scholarship,"MSc in Agricultural Engineering, Biosystems Engineering, Water Resources",RUFORUM African university network members,Multiple African countries,Varies – check ruforum.org,VARIES – check ruforum.org for active calls,Partially Funded: tuition + stipend + research grant,Free,English medium; no IELTS required,CE,71,Good match – achievable,"Agricultural Engineering, Biosystems, Water, Food Security",YES – JKUAT is a RUFORUM member (confirm); Kenyan applicants eligible,RUFORUM is Africa's leading network for agricultural higher education research. Roy's ABE from JKUAT (a RUFORUM member) + community agricultural training + water + food/biogas systems = ideal profile. Research-focused — research proposal required. Verify JKUAT RUFORUM membership at ruforum.org.,https://www.ruforum.org/,Roy Priority
36,AIMS Masters in Mathematical Sciences,MSc in Mathematical Sciences with Data Science / AI / Climate / Energy specialisation,"AIMS institutes (Cameroon, Ghana, Rwanda, Senegal, South Africa, Tanzania)",Multiple African countries,~Feb 2027 (varies by campus; check aims.ac.za),UPCOMING – Est. Feb 2027,Fully Funded: tuition + accommodation + stipend + travel within Africa,Free,English medium; no IELTS required,LE,68,Good match – achievable,"Data Science, AI, Mathematical Modelling, Climate, Energy",LE – Mathematical/engineering background required; data science + AI for energy specialisation available; Python skills strong asset,"AIMS offers a unique structured 1-year MSc in mathematical sciences. Roy's Python coding skills, Power BI data analytics, SafariCharge app development, and energy data analysis work would distinguish him for the data science and AI for energy tracks.",https://aims.ac.za/,Roy Priority
37,RESCO Erasmus Mundus 2026-2028 (CLOSED),MSc Renewable Energy and Sustainable Construction,5-university European consortium,Spain/Hungary/France/Portugal,28 Feb 2026,CLOSED – Next cycle est. Oct-Nov 2026,"Fully Funded (€1,400/mo + tuition)",Free,B2 English,CE,85,CLOSED,"Renewable Energy, Sustainable Construction",YES,CLOSED FOR 2026 INTAKE. See Record 17 for next cycle. Roy would have been CE had he applied.,https://resco-master.eu/,Roy Priority
38,DENSYS Erasmus Mundus 2026-2028 (CLOSED),MSc Decentralised Smart Energy Systems,Université de Lorraine + consortium,France/Spain/Finland,26 Jan 2026,CLOSED – Next cycle est. Nov 2026,"Fully Funded (€1,400/mo + tuition)",Free,B2 English,CE,82,CLOSED,"Smart Grids, AI for Energy, Decentralised Energy",YES,CLOSED FOR 2026 INTAKE. See Record 18 for next cycle.,https://densys.univ-lorraine.fr/,Roy Priority
39,Australia Awards 2027 (CLOSED),MSc Infrastructure / Water / Energy Engineering,Australian universities,Australia,30 Apr 2026,CLOSED – AND INELIGIBLE (experience requirement),Fully Funded,Free,IELTS 6.5,NE,40,INELIGIBLE – Experience,"Infrastructure, Energy, Water",NO – 5-yr experience not met,CLOSED AND INELIGIBLE: Roy does not meet the 5-year post-graduation experience requirement. Plan for 2030 intake when he will have 5+ years (from Dec 2023 graduation).,https://australiaawardsafrica.org/,Roy Priority
40,MEXT 2027 (CLOSED),MSc Agricultural/Environmental/Energy Engineering,Japanese universities,Japan,19 May 2026,CLOSED – Next cycle est. Apr-May 2027,Fully Funded,Free,Japanese language included,CE,82,CLOSED,"Engineering, Agricultural Engineering",YES,CLOSED FOR 2027 CYCLE. See Record 13 for 2028 cycle.,https://www.ke.emb-japan.go.jp/itpr_en/Postgraduate.html,Roy Priority
41,Rhodes Scholarship Kenya 2027,"Any postgraduate degree at Oxford University (MSc, MPhil, DPhil) — e.g. MSc Sustainable Urban Development, MSc Environmental Change & Management, MSc Water Science Policy & Management, DPhil Engineering Science",University of Oxford,United Kingdom,27 Aug 2026,OPEN NOW – 15 DAYS REMAINING,"Fully Funded: Oxford tuition + £20,400/yr stipend + flights + visa + health surcharge",Free,Kenyan English-medium education accepted; no IELTS required (British Council waiver) — confirm with Rhodes Trust,LE,68,Very competitive – 2 awards for Kenya per year; requires exceptional leadership,"Engineering, Energy, Water, Environment, Sustainability","LE – ⚠️ VERIFY AGE: Rhodes Kenya requires applicants to be no older than 27 at 1 Oct of study year (Oct 2027). Roy turns 27 in June 2027 — eligible by age ✅. Requires 2:1 minimum — Roy holds 2:1 ✅. Requires NOT to have already read for a graduate degree at Oxford — OK ✅. MBA concern: Rhodes does not prohibit concurrent study, but confirm.","⚠️ CRITICAL — 15 DAYS. Only 2 scholarships awarded for Kenya annually. Roy's leadership profile (Africa Fellow, SafariCharge founder, Youth Parliament for Water, KES 50M+ investment) is exceptional. 4 references required (academic + professional). 800–1000 word personal statement. Apply at rhodeshouse.ox.ac.uk. VERIFY AGE eligibility before investing effort — contact Rhodes Trust Kenya immediately.",https://www.rhodeshouse.ox.ac.uk/scholarships/applications/kenya/,Roy Priority
42,Chevening – Business / Econ track,"Any eligible 1-year UK MSc in Economics, Finance, Business",Various UK universities,United Kingdom,2026-11-04,OPEN NOW - 84 DAYS REMAINING,Full: tuition + stipend + flights + visa,None,IELTS 6.5+ / equivalent,CE,0,Very High,Business / Economics,N/A,Open to all African nationalities with 2+ years work exp,https://chevening.org,Global - Business
43,Gates Cambridge Scholarship,Any full-time postgraduate degree at University of Cambridge,University of Cambridge,United Kingdom,2026-10-13,OPEN NOW - 62 DAYS REMAINING,Full: tuition + maintenance + flights + extras,None,High (Cambridge admission standard),LE,0,Extremely High,All fields,N/A,Open to non-UK nationals; extremely competitive; strong academic + leadership profile needed,https://www.gatescambridge.org,Global - Business
44,Commonwealth Shared Scholarship – Business,MSc in Business / Management / Economics (developing country list),Various UK universities,United Kingdom,2026-11-13,OPEN NOW - 93 DAYS REMAINING,Full: tuition + stipend + flights + thesis,None,IELTS / TOEFL (varies by university),CE,0,High,Business / Development,N/A,Kenya on eligible country list; cannot hold another UK scholarship simultaneously,https://cscuk.fcdo.gov.uk,Global - Business
45,Turkish Government (Turkiye Burslari) – Business,"MBA / MSc Business, Economics, Finance",Various Turkish universities,Turkey,2027-02-15,OPEN NOW - 187 DAYS REMAINING,Full: tuition + stipend + accommodation + flights + language course,None,English or Turkish proficiency,CE,0,Medium,Business / Economics,N/A,Separate application stream for business programmes; same portal as engineering,https://turkiyeburslari.gov.tr,Global - Business
46,Commonwealth Shared Scholarship – Public Health,MSc Public Health / Global Health / Epidemiology,"Various UK universities (LSHTM, Liverpool, etc.)",United Kingdom,2026-11-13,OPEN NOW - 93 DAYS REMAINING,Full: tuition + stipend + flights,None,IELTS 6.5+ / equivalent,CE,0,High,Public Health,N/A,Health & development focus; Kenya eligible,https://cscuk.fcdo.gov.uk,Global - Public Health
47,Wellcome Trust Master's Fellowships,MSc / MRes in biomedical / global health sciences,Various institutions in Africa and UK,Multiple,Check website,CHECK WEBSITE,Full: salary + training + research costs,None,High,LE,0,High,Medicine / Biomedical,N/A,Aimed at researchers based in low-income countries including Kenya,https://wellcome.org/grant-funding/schemes/masters-fellowships,Global - Public Health
48,DAAD EPOS – Public Health,MSc Public Health (various DAAD partner programmes),Various German universities,Germany,2027-01-15,OPEN NOW - 156 DAYS REMAINING,Full DAAD scholarship: monthly stipend + tuition + insurance + travel,None,English B2+ / German B1+,CE,0,Medium-High,Public Health,N/A,Check DAAD portal for specific public health programmes open to Kenyans,https://www2.daad.de/deutschland/stipendium/datenbank/en/21148-scholarship-database/,Global - Public Health
49,Chevening – Law track,Any eligible 1-year UK LLM,Various UK universities,United Kingdom,2026-11-04,OPEN NOW - 84 DAYS REMAINING,Full: tuition + stipend + flights + visa,None,IELTS 6.5+ / equivalent,CE,0,Very High,Law,N/A,Open to Kenyan nationals with 2+ years work exp,https://chevening.org,Global - Law
50,Australian Awards – Law / Social Sciences,"Masters in Law, Governance, Social Policy",Various Australian universities,Australia,2026-04-30,CLOSED,Full: tuition + living allowance + flights + OSHC,None,IELTS 6.5+ / equivalent,NE,0,High,Law / Social Sciences,N/A,Roy ineligible until 2030 (5-yr post-grad experience rule); listed for global coverage,https://www.dfat.gov.au/people-people-connections/australian-awards,Global - Law
51,Ford Foundation International Fellowships Program,"Masters or PhD in social sciences, humanities, arts",Universities in fellows' home regions,Multiple,Check website,CHECK WEBSITE,Full: tuition + living + research costs,None,Varies by institution,LE,0,High,Social Sciences / Humanities,N/A,Focuses on social justice leaders; Kenya eligible; check IFP partner institutions,https://www.fordfoundationfellowships.org,Global - Social Sciences
52,Open Society Foundations – Scholarship Programs,"Various masters programmes in social sciences, law, public policy","Various institutions (CEU, OSI partner universities)",Multiple,Check website,CHECK WEBSITE,Full or substantial funding varies by programme,None,English proficiency required,LE,0,High,Social Sciences / Law / Policy,N/A,Multiple streams; check OSF website for East Africa-relevant open calls,https://www.opensocietyfoundations.org/grants,Global - Social Sciences
53,VLIR-UOS Scholarships,Masters and Training programmes (development-linked fields),"Belgian universities (KU Leuven, UGent, VUB, UAntwerpen, etc.)",Belgium,2027-02-01,OPEN NOW - 173 DAYS REMAINING,Full: tuition + monthly allowance + flights + insurance,None,English or French proficiency,CE,0,Medium,Development / Sciences / Engineering / Health,N/A,Kenya on eligible country list; wide field coverage; strong development angle preferred,https://www.vliruos.be/en/scholarships,Global - Social Sciences
54,Swedish Institute Scholarships for Global Professionals (SISGP),Masters at Swedish universities (all fields),Various Swedish universities,Sweden,2027-02-10,OPEN NOW - 182 DAYS REMAINING,Full: tuition + monthly grant + travel grant + insurance,None,English B2+ (university requirement),CE,0,High,All fields (leadership focus),N/A,Requires demonstrated leadership; Kenya eligible; 2027/28 deadline approx Feb 2027,https://si.se/en/apply/scholarships/swedish-institute-scholarships-for-global-professionals/,Global - Social Sciences
55,Commonwealth Shared Scholarship – Education,"MSc / MA Education, Educational Leadership, Development",Various UK universities,United Kingdom,2026-11-13,OPEN NOW - 93 DAYS REMAINING,Full: tuition + stipend + flights,None,IELTS 6.5+ / equivalent,CE,0,High,Education,N/A,Kenya eligible; development-focused education programmes prioritised,https://cscuk.fcdo.gov.uk,Global - Education
56,Japanese MEXT Research Scholarship – Humanities / Social Sciences,"Masters or PhD in education, humanities, social sciences",Various Japanese national universities,Japan,Check website,CHECK WEBSITE,"Full: tuition + stipend (approx 143,000 JPY/mo) + flights",None,English or Japanese,CE,0,Medium,Education / Humanities,N/A,Apply via Japanese Embassy in Nairobi; deadline approx May-June each year,https://www.mext.go.jp/en/policy/education/highered/title02/detail02/sdetail02/1373897.htm,Global - Education
57,Aga Khan Foundation International Scholarship Programme,Masters in any field at selected international universities,Selected international universities,Multiple,2027-03-31,OPEN NOW - 231 DAYS REMAINING,50% grant + 50% loan (interest-free),None,English proficiency (institution standard),CE,0,High,All fields (development focus),N/A,Kenya eligible; academic excellence + financial need + community service required; deadline approx Mar-Apr each year,https://www.akdn.org/our-agencies/aga-khan-foundation/international-scholarship-programme,Global - Agriculture
58,MasterCard Foundation Scholars Program,Masters at partner universities (varies by institution),"Various partner universities (McGill, Cornell, UC Berkeley, Edinburgh, etc.)",Multiple,Check partner university,CHECK WEBSITE,Full: tuition + stipend + mentoring + leadership development,None,Institution standard,CE,0,High,All fields (African talent focus),N/A,Sub-Saharan Africa focus; each partner university has own deadline; check MCF website for current partners,https://mastercardfdn.org/all/scholars/,Global - Agriculture
59,TWAS-DFG Cooperation Visits Programme,PhD fellowship / research visit,German research institutions,Germany,Check website,CHECK WEBSITE,Partial: travel + stipend for research visit,None,English / German,LE,0,Medium,Sciences / Engineering / Agriculture,N/A,For researchers in developing countries including Kenya; short-term research visits,https://twas.org/opportunity/twas-dfg-cooperation-visits-programme,Global - Agriculture
60,Obama Foundation Scholars Program,One-year non-degree leadership and development programme (MA-level),University of Chicago (Harris School) or Columbia SIPA,United States,Check website,CHECK WEBSITE,Full: tuition + living stipend + travel,None,High English proficiency,LE,0,Extremely High,Public Policy / Leadership,N/A,Africa-focused leaders under 40; extraordinarily competitive; check for 2027 cycle,https://www.obama.org/scholars/,Global - Public Policy
61,Hubert H. Humphrey Fellowship (Fulbright – HHH),"10-month non-degree professional development in public policy, education, public health, etc.",Various US universities,United States,2026-09-30,OPEN NOW - 49 DAYS REMAINING,Full: tuition + stipend + professional activities + travel,None,TOEFL 525+ PBT / 70+ iBT,CE,0,High,Public Policy / Development,N/A,Kenya on eligible country list; apply via USEC Nairobi; mid-career professionals preferred,https://www.humphreyfellowship.org,Global - Public Policy
62,Netherlands Fellowship Programme (NFP) / Orange Knowledge Programme (OKP),"Masters and short courses in NFP priority fields (water, food, governance, health)","Dutch universities (IHE Delft, WUR, ITC, etc.)",Netherlands,2027-03-01,OPEN NOW - 201 DAYS REMAINING,Full: tuition + monthly allowance + travel + insurance,None,English IELTS 6.0+ or TOEFL 550+,CE,0,Medium-High,Water / Agriculture / Governance / Health,N/A,Kenya on priority country list; must apply to Dutch university first then submit OKP application; deadline approx Feb-Mar each year,https://www.nuffic.nl/en/subjects/orange-knowledge-programme,Global - Public Policy
63,TWAS Research Grants for African Scientists,PhD or postdoc research grant,Home institution in Africa,Kenya / Africa,Check website,CHECK WEBSITE,"Research grant (up to $15,000)",None,English,CE,0,Medium,Sciences,N/A,For scientists in sub-Saharan Africa; not a taught masters but listed for coverage,https://twas.org/opportunity/twas-research-grants,Global - Sciences
64,Chinese Government Scholarship (CSC) – Sciences & Humanities,Masters or PhD in all fields at Chinese universities,"Various Chinese universities (Tsinghua, Fudan, USTC, etc.)",China,2027-03-31,OPEN NOW - 231 DAYS REMAINING,Full: tuition + accommodation + stipend + medical insurance,None,English or Chinese (HSK4+),CE,0,Medium,All fields,N/A,Apply via Chinese Embassy in Nairobi or directly via university; deadline approx Mar-Apr each year,https://www.campuschina.org,Global - Sciences
65,Russian Government Scholarship,Masters or PhD at Russian universities (all fields),Various Russian universities,Russia,2027-03-01,OPEN NOW - 201 DAYS REMAINING,Full: tuition + stipend + accommodation,None,Russian (language course provided) or English,CE,0,Low-Medium,All fields,N/A,Apply via Russian Embassy in Nairobi; deadline approx Feb-Mar each year,https://education-in-russia.com,Global - Sciences
66,Islamic Development Bank (IsDB) Merit Scholarship,Masters or PhD at IsDB-approved universities,Various universities in IsDB member countries,Multiple,2026-12-31,OPEN NOW - 141 DAYS REMAINING,Full: tuition + monthly stipend + travel + health insurance,None,English or Arabic,LE,0,Medium,All fields (development focus),N/A,Kenya is IsDB member country; Muslim applicants or nationals of member countries; check IsDB website for current cycle,https://www.isdb.org/merit-scholarship-programme,Global - Sciences
67,Fulbright Foreign Student Program – Humanities / Arts,"Masters or PhD in humanities, arts, social sciences, professional fields",Various US universities,United States,2026-10-31,OPEN NOW - 80 DAYS REMAINING,Full: tuition + stipend + health insurance + flights,None,TOEFL 79+ iBT or IELTS 6.5+,CE,0,High,Humanities / Arts / Social Sciences,N/A,Apply via USEC Nairobi; Kenya eligible; strong community impact and leadership preferred,https://ug.usembassy.gov/education-culture/fulbright-program/,Global - Arts & Humanities
68,Eiffel Excellence Scholarship (French Government),Masters or PhD at French grandes ecoles and universities (all fields),"Sciences Po, Centrale, INSA, etc.",France,2027-01-10,OPEN NOW - 151 DAYS REMAINING,Monthly stipend + housing supplement + cultural activities + travel,None,English or French,CE,0,High,"All fields (Sciences, Engineering, Economics, Law)",N/A,Apply via French university (not individually); Kenya eligible; deadline approx Jan each year,https://www.campusfrance.org/en/eiffel-scholarship-program-of-excellence,Global - Arts & Humanities
69,Swiss Government Excellence Scholarships,PhD or postdoc (research scholarships) at Swiss universities,"ETH Zurich, EPFL, Swiss universities",Switzerland,2026-11-15,OPEN NOW - 95 DAYS REMAINING,Full: monthly stipend + housing + health insurance + travel,None,English / French / German,CE,0,High,All fields (research focus),N/A,Apply via Swiss Embassy in Nairobi; deadline approx Nov each year; mainly research/PhD,https://www.sbfi.admin.ch/sbfi/en/home/education/scholarships-and-grants/swiss-government-excellence-scholarships.html,Global - Arts & Humanities
70,DAAD EPOS – Infrastructure Planning,MSc Infrastructure Planning,University of Stuttgart,Germany,2027-01-15,OPEN NOW - 156 DAYS REMAINING,Full DAAD scholarship: tuition + monthly stipend + insurance + travel,None,English B2+,CE,0,Medium,Infrastructure / Urban Planning,N/A,Open to African professionals; STEM background required but focus is urban/infrastructure planning,https://www2.daad.de/deutschland/stipendium/datenbank/en/21148-scholarship-database/,Global - Engineering
71,DAAD EPOS – Mining and Geoecology,MSc Applied Geosciences / Mining Engineering,TU Freiberg,Germany,2027-01-15,OPEN NOW - 156 DAYS REMAINING,Full DAAD scholarship: tuition + monthly stipend + insurance + travel,None,English B2+,CE,0,Medium,Mining / Geosciences,N/A,Open to African applicants; EPOS programme,https://www2.daad.de/deutschland/stipendium/datenbank/en/21148-scholarship-database/,Global - Engineering
72,Erasmus Mundus – Architecture / Urbanism,"MSc Architecture, Urbanism and Building Sciences (AUBS) or equivalent",TU Delft + partner universities,Multiple (EU),2027-01-15,OPEN NOW - 156 DAYS REMAINING,Full EU scholarship: tuition + monthly allowance + travel + installation,None,English B2+ (IELTS 6.5+),CE,0,High,Architecture / Urbanism,N/A,Kenya eligible as non-EU national for Erasmus Mundus scholarship; apply via programme consortium,https://www.eacea.ec.europa.eu/scholarships/erasmus-mundus-catalogue_en,Global - Engineering
73,Austrian Government Scholarship (OeAD),Masters or PhD at Austrian universities,"University of Vienna, TU Wien, etc.",Austria,2027-03-01,OPEN NOW - 201 DAYS REMAINING,"Monthly stipend (approx EUR 1,050) -- tuition varies",Partial,English / German,CE,0,Medium,All fields,N/A,Apply online via OeAD portal; Kenya eligible; deadline approx Mar each year,https://oead.at/en/to-austria/grants-and-scholarships/,Global - Other
74,Belgian Government Scholarship (ARES),Masters at Belgian universities (development-related fields),"UCLouvain, ULiege, ULB, etc.",Belgium,2027-02-01,OPEN NOW - 173 DAYS REMAINING,Full: tuition + monthly allowance + travel,None,French proficiency required for most programmes,LE,0,Medium,Development / Agriculture / Health / Engineering,N/A,Kenya eligible; French language requirement for most programmes is a barrier; check ARES website for English-taught options,https://www.ares-ac.be/en/cooperation-au-developpement/scholarships,Global - Other
75,Norwegian Quota Scheme / Government Scholarship,Masters or PhD at Norwegian universities,"UiO, NTNU, UiB, etc.",Norway,Check website,CHECK WEBSITE,Tuition-free + student loan/grant from Lanekassen (same as Norwegian students),None,English B2+ / Norwegian,LE,0,Medium,All fields,N/A,Quota scheme ended 2016; current scholarships via individual Norwegian universities or NORHED programme -- check Nuffic equivalent,https://www.studyinnorway.no,Global - Other
76,Finnish Government Scholarship Pool,PhD-level research visits (3-9 months) at Finnish universities,Finnish universities,Finland,2026-09-30,OPEN NOW - 49 DAYS REMAINING,"Monthly stipend (EUR 1,500) for research visit",None,English,CE,0,Medium,All fields (research visit only),N/A,For postgraduate researchers; not a full masters programme; apply via CIMO/OPH portal,https://www.oph.fi/en/programmes-and-projects/scholarships-and-grants,Global - Other
77,Spanish Government Scholarship (MAEC-AECID),Masters or PhD at Spanish universities,Various Spanish universities,Spain,2026-09-30,OPEN NOW - 49 DAYS REMAINING,Full: tuition + monthly stipend + travel + insurance,None,Spanish proficiency required (B2+),LE,0,Medium,All fields,N/A,Kenya eligible; Spanish language is main barrier; AECID also funds training programmes in Spanish,https://www.aecid.es/EN/becas-y-lectorados,Global - Other
78,OPEC Fund for International Development Scholarship,Masters at accredited universities in OPEC Fund member countries,Various,Multiple,Check website,CHECK WEBSITE,"Partial scholarship: up to USD 10,000/year",Partial,English,LE,0,Medium,Development / Energy / Economics,N/A,Kenya eligible as beneficiary country; check OPEC Fund website for open calls,https://opecfund.org/operations/grants/scholarships,Global - Other
79,Carnegie Corporation of New York – African Scholars,PhD funding and research support at African universities,African universities,Africa,Check website,CHECK WEBSITE,Research grant / fellowship (varies),None,English,CE,0,High,All fields,N/A,Primarily supports African scholars at African institutions; check Carnegie website for current grant cycles,https://www.carnegie.org/programs/international-program/,Global - Other
80,Heinrich Boll Foundation Scholarship,"Masters or PhD (all fields, green/feminist focus)",Various German & international universities,Germany,Check website,CHECK WEBSITE,"Full: monthly stipend EUR 850 (masters) / EUR 1,200 (PhD) + project allowance",None,German B2+ or English depending on programme,CE,0,Medium-High,Politics / Environment / Social Sciences,N/A,Sub-Saharan Africa eligible; strong civil society and political engagement expected; apply via HBS country office,https://www.boell.de/en/foundation/scholarships,Global - Social Sciences
81,Friedrich Ebert Stiftung (FES) Scholarship,"Masters or PhD (social sciences, economics, law, politics)",Various German & international universities,Germany,Check website,CHECK WEBSITE,Full: monthly stipend + health insurance + project allowance,None,German B2+ or English,CE,0,Medium,Social Sciences / Economics / Law,N/A,"Focus on social democracy, trade unions, development; apply via FES country office in Kenya",https://www.fes.de/en/scholarships,Global - Social Sciences
82,Konrad Adenauer Stiftung (KAS) Scholarship,"Masters or PhD (all fields, Christian democratic values)",Various German & international universities,Germany,Check website,CHECK WEBSITE,Full: monthly stipend + health insurance + language course,None,German B2+ or English,CE,0,Medium,All fields,N/A,Africa programme active; Kenya eligible; academic excellence + civic engagement required; apply via KAS Nairobi,https://www.kas.de/en/web/begabtenfoerderung-und-kultur/scholarships,Global - Other
83,Friedrich Naumann Foundation Scholarship,"Masters or PhD (liberal political thought, economics, law)",Various German & international universities,Germany,Check website,CHECK WEBSITE,Full: monthly stipend + health insurance,None,German B2+ or English,CE,0,Medium,Economics / Law / Political Sciences,N/A,Liberal values focus; Kenya eligible; apply via FNF East Africa office,https://www.freiheit.org/scholarships,Global - Social Sciences
84,Hanns Seidel Stiftung Scholarship,Masters or PhD (all fields),Various German universities,Germany,Check website,CHECK WEBSITE,Full: monthly stipend + health insurance + seminar costs,None,German B2+ required,LE,0,Medium,All fields,N/A,German language requirement limits accessibility; Bavaria-based CSU values,https://www.hss.de/en/education/scholarships/,Global - Other
85,Rosa Luxemburg Stiftung Scholarship,"Masters or PhD (humanities, social sciences, arts, left-wing focus)",Various German & international universities,Germany,Check website,CHECK WEBSITE,Full: monthly stipend + health insurance,None,German B2+ or English,CE,0,Medium,Humanities / Social Sciences,N/A,Progressive / socialist values focus; international scholarship programme open to Kenya,https://www.rosalux.de/en/foundation/scholarships,Global - Social Sciences
86,KAAD (Catholic Academic Exchange Service) Scholarship,"Masters or PhD (all fields, Catholic values)",Various German & international universities,Germany,Check website,CHECK WEBSITE,Full: monthly stipend + health insurance + seminar costs,None,German B2+ or English,CE,0,Medium,All fields,N/A,For Catholic students from developing countries including Kenya; pastoral accompaniment required,https://www.kaad.de/en/funding/scholarships/,Global - Other
87,Alexander von Humboldt Foundation Research Fellowship,Postdoctoral research fellowship (6-24 months),Various German research institutions,Germany,Check website,CHECK WEBSITE,"Full: monthly stipend EUR 2,670 + travel + family allowance",None,English or German,LE,0,Very High,Sciences / Engineering / Humanities,N/A,For postdoctoral researchers; not a taught masters -- listed for PhD/postdoc awareness; extremely competitive,https://www.humboldt-foundation.de,Global - Sciences
88,World Bank / JJ-WBGSP Scholarship,Masters in development-related fields at selected universities,Selected universities worldwide including Africa,Multiple,2027-04-15,OPEN NOW - 246 DAYS REMAINING,Full: tuition + living allowance + travel + health insurance,None,English proficiency (institution standard),CE,0,High,Development / Economics / Agriculture / Environment,N/A,Must be national of World Bank borrowing country (Kenya eligible); must intend to return; apply after admission offer from partner university,https://www.worldbank.org/en/programs/scholarships,Global - Public Policy
89,United Nations University (UNU) Fellowships,Masters or research programmes at UNU institutes,"UNU institutes (Tokyo, Bonn, Bruges, Accra, etc.)",Multiple,Check website,CHECK WEBSITE,Full or partial (varies by programme),None,English,LE,0,High,Sustainability / Governance / Technology / Environment,N/A,UNU-INRA in Ghana runs Africa-focused programmes; check UNU website for open calls,https://unu.edu/study,Global - Public Policy
90,African Development Bank (AfDB) – Japanese Trust Fund Scholarship,Masters in development-related fields at Japanese universities,"University of Tsukuba, GRIPS, JICA partner universities",Japan,2027-01-15,OPEN NOW - 156 DAYS REMAINING,Full: tuition + stipend + accommodation + flights,None,English TOEFL 550+ or IELTS 6.0+,CE,0,High,Development / Economics / Governance / Agriculture,N/A,For mid-career Africans; Kenya eligible; sponsored by Japanese government through AfDB; apply via AfDB Kenya Country Office,https://www.afdb.org/en/news-and-events/japanese-scholarship-program,Global - Public Policy
91,Rotary Peace Fellowship,Masters in peace and conflict studies or professional development certificate,"Rotary Peace Centres (Duke/UNC, Uppsala, ICU Japan, Bradford, Chulalongkorn, EARTH)",Multiple,2026-11-15,OPEN NOW - 95 DAYS REMAINING,Full: tuition + stipend + travel + internship costs,None,High English proficiency,CE,0,Very High,Peace / Conflict Resolution / Development,N/A,For peace practitioners with 3+ years relevant experience; Kenya eligible; apply via Rotary club or directly,https://www.rotary.org/en/our-programs/peace-fellowships,Global - Public Policy
92,ILO / ITC-ILO Masters (Turin),"Masters in labour, human rights, development management","International Training Centre of the ILO, Turin",Italy,2027-03-01,OPEN NOW - 201 DAYS REMAINING,Partial: fees subsidised; some full scholarships via donor countries,Partial (unless scholarship awarded),English or French,CE,0,Medium,Labour Rights / Development / HR Management,N/A,Fully funded places available for candidates from developing countries via bilateral agreements; Turin campus,https://www.itcilo.org/en/masters,Global - Public Policy
93,Indian Government Scholarship (ICCR),Masters or PhD at Indian universities (all fields),"IITs, IIMs, JNU, Delhi University, and other leading institutions",India,2027-03-31,OPEN NOW - 231 DAYS REMAINING,Full: tuition + monthly stipend + accommodation + flights,None,English,CE,0,Medium,All fields,N/A,Apply via High Commission of India in Nairobi; wide field coverage; several hundred places per year for Africa,https://www.iccr.gov.in/scholarships,Global - Sciences
94,Israeli Government Scholarship (MASHAV),"Masters or certificate courses in agriculture, water, health, development","Hebrew University, Weizmann Institute, Technion, and others",Israel,Check website,CHECK WEBSITE,Full: tuition + accommodation + stipend + flights,None,English,CE,0,Medium,Agriculture / Water / Development / Health,N/A,Apply via Israeli Embassy in Nairobi; Kenya has bilateral relations; strong water and agriculture programmes,https://mashav.mfa.gov.il,Global - Agriculture
95,Taiwanese Government Scholarship (MOFA Taiwan Scholarship),Masters or PhD at Taiwanese universities (all fields),"NTU, NTHU, NCKU, and many others",Taiwan,2027-03-31,OPEN NOW - 231 DAYS REMAINING,"Full: tuition + monthly stipend TWD 15,000-20,000 + health insurance",None,English or Mandarin,CE,0,Medium,All fields,N/A,Apply via MOFA or Taiwanese representative office; excellent engineering and sciences programmes; growing Kenya-Taiwan engagement,https://www.roc-taiwan.org/scholarships,Global - Sciences
96,South Korean KOICA Fellowship Program,Masters at Korean universities (development-related fields),Various Korean universities,South Korea,Check website,CHECK WEBSITE,Full: tuition + accommodation + stipend + flights,None,English (Korean language course included),CE,0,Medium,Development / Agriculture / ICT / Governance,N/A,Separate from GKS; administered by KOICA development agency; apply via KOICA Kenya office,https://www.koica.go.kr,Global - Public Policy
97,Brazilian Government Scholarship (CAPES-PrInt / CNPq),Masters or PhD at Brazilian universities,"USP, UNICAMP, UNESP, Embrapa and others",Brazil,Check website,CHECK WEBSITE,Full: tuition + monthly stipend + health insurance + flights,None,Portuguese (language course may be included) or English for some programmes,LE,0,Medium,Sciences / Agriculture / Engineering,N/A,Portuguese language is main barrier; strong in tropical agriculture and bioenergy; relevant to Roy's energy work for global coverage,https://www.capes.gov.br/bolsas-e-auxilios,Global - Sciences
98,Polish Government Scholarship (NAWA),Masters or PhD at Polish universities (all fields),"Warsaw University of Technology, AGH, Jagiellonian, and others",Poland,2027-04-30,OPEN NOW - 261 DAYS REMAINING,"Full: tuition + monthly stipend PLN 1,250 + accommodation + health insurance",None,English or Polish (programme dependent),CE,0,Medium,All fields,N/A,Apply via NAWA portal; growing Africa scholarship programme; several English-taught masters available,https://nawa.gov.pl/en/scholars/incoming-to-poland,Global - Other
99,Czech Government Scholarship (Government of the Czech Republic),Masters or PhD at Czech public universities,"Czech Technical University, Charles University, Brno University of Technology, and others",Czech Republic,2027-03-31,OPEN NOW - 231 DAYS REMAINING,"Full: tuition + monthly stipend CZK 7,000-9,000 + accommodation",None,Czech (language course provided) or English for selected programmes,LE,0,Medium,Engineering / Sciences / Humanities,N/A,Apply via Czech Embassy in Nairobi; Czech language required for many programmes; some English-taught engineering tracks available,https://www.dzs.cz/en/scholarships/,Global - Other
100,Romanian Government Scholarship (Ministry of Education),Masters or PhD at Romanian public universities,"University of Bucharest, Polytechnic University, and others",Romania,2026-09-30,OPEN NOW - 49 DAYS REMAINING,Full: tuition + monthly stipend + accommodation,None,Romanian (language course included in first year) or English,LE,0,Low-Medium,Engineering / Medicine / Sciences,N/A,Apply via Romanian Embassy in Nairobi; strong medicine and engineering; mostly Romanian language taught,https://www.robursa.gov.ro,Global - Other
101,Hungarian Government Scholarship (bilateral Kenya agreement),Masters or PhD at Hungarian universities,"Budapest University of Technology, Semmelweis, and others",Hungary,2026-10-31,OPEN NOW - 80 DAYS REMAINING,Full: tuition + monthly stipend + accommodation,None,English or Hungarian,CE,0,Medium,Engineering / Sciences / Medicine,N/A,Separate from Stipendium Hungaricum; Kenya has bilateral agreement; apply via Hungarian Embassy in Nairobi,https://tka.hu/international-programmes/scholarship-programmes/bilateral-scholarships,Global - Other
102,Moroccan Government Scholarship (AMCI),Masters or PhD at Moroccan universities,"Mohammed V University, Hassan II, UM6P, ENSA and others",Morocco,2026-10-31,OPEN NOW - 80 DAYS REMAINING,"Full: tuition + monthly allowance MAD 1,500 + accommodation",None,Arabic / French / English (programme dependent),CE,0,Medium,Engineering / Agriculture / Sciences / Medicine,N/A,Available to all African countries including Kenya; apply via Moroccan Embassy in Nairobi; strong agriculture and engineering,https://www.amci.ma,Global - Other
103,South African Government Scholarship (DHET),Masters or PhD at South African universities,"UCT, Stellenbosch, Wits, UP, and others",South Africa,Check website,CHECK WEBSITE,Partial: tuition support + stipend,Partial,English,CE,0,Medium,All fields,N/A,Regional African scholarship; Kenya eligible; apply via DHET or directly to SA universities; strong engineering and business schools,https://www.dhet.gov.za,Global - Other
104,Mwalimu Nyerere African Union Scholarship Scheme,Masters or PhD at AU-designated universities in Africa,Selected AU universities (varies by year),Africa (multiple),Check website,CHECK WEBSITE,Full: tuition + monthly stipend + travel within Africa,None,English or French,CE,0,Medium,All fields (development and African integration focus),N/A,For African nationals to study within Africa; Kenya eligible; reinforces African talent retention; check AU website for open cycles,https://au.int/en/education,Global - Social Sciences
105,PASET Regional Scholarship and Innovation Fund (RSIF),"PhD in ICT, food security, energy, climate change",Various African universities + international partners,Multiple,Check website,CHECK WEBSITE,Full: tuition + stipend + research grant,None,English or French,LE,0,Medium-High,ICT / Energy / Food Security / Climate,N/A,World Bank-supported; East Africa focus; Kenya eligible; check RSIF portal for open calls,https://paset.org/rsif,Global - Sciences
106,African Capacity Building Foundation (ACBF) Scholarship,"Masters in economics, public policy, public administration",African universities,Africa,Check website,CHECK WEBSITE,Full: tuition + stipend + research allowance,None,English or French,CE,0,Medium,Economics / Public Policy / Administration,N/A,For African nationals committed to staying in Africa post-study; Kenya eligible; check ACBF website for current calls,https://www.acbf-pact.org,Global - Public Policy
107,African Institute for Mathematical Sciences (AIMS) Masters,MSc Mathematical Sciences,"AIMS centres (Cameroon, Ghana, Rwanda, Senegal, South Africa, Tanzania)",Africa,2027-01-15,OPEN NOW - 156 DAYS REMAINING,Full: tuition + accommodation + stipend + travel within Africa,None,English or French,CE,0,Medium-High,Mathematical Sciences / Statistics / Machine Learning,N/A,Intensive 1-year masters; strong alumni network; AIMS South Africa does excellent machine learning programme,https://www.nexteinstein.org/students/,Global - Sciences
108,Google PhD Fellowship,PhD research fellowship in computer science and AI,Selected universities worldwide (Google partner institutions),Multiple,Check website,CHECK WEBSITE,"Full: tuition + annual stipend USD 9,000-15,000 (varies by country)",None,High (PhD standard),LE,0,Very High,Computer Science / AI / Machine Learning,N/A,Nominated by university -- cannot apply directly; listed for awareness; Kenya-based university nominations rare but growing,https://research.google/outreach/phd-fellowship/,Global - Sciences
109,Microsoft Research PhD Fellowship,PhD fellowship in computer science and AI,Selected universities (Microsoft Research partner institutions),Multiple,Check website,CHECK WEBSITE,Full: tuition + annual stipend,None,High (PhD standard),LE,0,Very High,Computer Science / AI / Systems,N/A,Nomination-based via university; Microsoft Research Africa presence growing; listed for awareness,https://www.microsoft.com/en-us/research/academic-program/phd-fellowship/,Global - Sciences
110,Volkswagen Foundation – Initiative for Africa,Research and PhD funding for African scholars,African and German institutions,Germany / Africa,Check website,CHECK WEBSITE,Full or partial research grant (varies by programme),None,English or German,LE,0,High,Sciences / Humanities / Engineering,N/A,Multiple funding lines for African researchers; Freigeist fellowships available; check for East Africa-relevant calls,https://www.volkswagenstiftung.de/en/funding,Global - Sciences
111,Sasakawa Young Leaders Fellowship Fund (SYLFF),Masters or PhD at SYLFF-member universities,Selected SYLFF partner universities worldwide,Multiple,Check website,CHECK WEBSITE,Partial: fellowship stipend for study period,Partial,English or language of host institution,LE,0,Medium,All fields (leadership and civil society focus),N/A,Must apply through a SYLFF-affiliated university; check if any Kenyan or East African universities are members,https://www.sylff.org,Global - Social Sciences
112,WHO Long-Term Fellowship,Masters-level training in public health fields,WHO-accredited institutions worldwide,Multiple,Check website,CHECK WEBSITE,Full: tuition + stipend + travel + health insurance,None,English or French,CE,0,Medium,Public Health / Medicine / Epidemiology,N/A,Applied for through WHO Kenya Country Office; nomination required from Ministry of Health; competitive,https://www.who.int/careers/fellowships,Global - Public Health
113,FAO Fellowships,"Masters or certificate training in food security, agriculture, fisheries",FAO partner institutions,Multiple,Check website,CHECK WEBSITE,Full or partial (varies by programme),None,English or French,CE,0,Medium,Agriculture / Food Security / Fisheries,N/A,Applied for through FAO Kenya Country Office; professional experience required,https://www.fao.org/fellowships,Global - Agriculture
114,IAEA Fellowships,"Masters-level training in nuclear technology, radiation, food safety, water isotopes","IAEA laboratories and partner institutions (Vienna, Seibersdorf)",Austria / Multiple,Check website,CHECK WEBSITE,Full: stipend + accommodation + travel + training materials,None,English,CE,0,Medium,Nuclear Technology / Radiation Safety / Food Irradiation / Water Isotopes,N/A,Applied via Kenya Nuclear Regulatory Authority or government; relevant to water resources and food safety,https://www.iaea.org/services/fellowships,Global - Sciences
115,ICTP (Abdus Salam International Centre) Postgraduate Diploma / Fellowship,Postgraduate diploma or research fellowship in physics and mathematics,"ICTP, Trieste",Italy,Check website,CHECK WEBSITE,Full: accommodation + stipend + travel,None,English,LE,0,High,Physics / Mathematics / Earth Sciences,N/A,Postgraduate diploma is gateway to PhD; strong Africa programme; Kenyan mathematicians and physicists have participated,https://www.ictp.it/programmes/fellowships,Global - Sciences
116,Erasmus Mundus – Global Studies (GLOCAL),MA Global Studies,"University of Vienna + Leipzig, Wroclaw, Roskilde",Multiple (EU),2027-01-15,OPEN NOW - 156 DAYS REMAINING,"Full EU scholarship: tuition + EUR 1,400/mo + travel",None,English IELTS 6.5+,CE,0,High,Global Studies / International Relations,N/A,Non-EU nationals eligible for Erasmus Mundus scholarship; apply via GLOCAL consortium,https://www.emglobalstudy.eu,Global - Social Sciences
117,Erasmus Mundus – Environmental Sciences (EnvEuro),MSc Environmental Sciences,Cologne / Bonn / Copenhagen / Poznan,Multiple (EU),2027-01-15,OPEN NOW - 156 DAYS REMAINING,"Full EU scholarship: tuition + EUR 1,400/mo + travel",None,English IELTS 6.5+,CE,0,High,Environmental Sciences,N/A,Non-EU eligible for EM scholarship; check Erasmus Mundus catalogue for current 2027 intake,https://www.eacea.ec.europa.eu/scholarships/erasmus-mundus-catalogue_en,Global - Sciences
118,Erasmus Mundus – Public Health (EUPHORIA / EPHEM),MSc European Public Health,Maastricht + Antwerp + Oslo + Jagiellonian,Multiple (EU),2027-01-15,OPEN NOW - 156 DAYS REMAINING,"Full EU scholarship: tuition + EUR 1,400/mo + travel",None,English IELTS 6.5+,CE,0,High,Public Health,N/A,Strong international public health consortium; non-EU nationals eligible for EM scholarship,https://www.eacea.ec.europa.eu/scholarships/erasmus-mundus-catalogue_en,Global - Public Health
119,Erasmus Mundus – Quantitative Economics (QEM),MSc Quantitative Economics,Paris 1 + Ca Foscari Venice + Bielefeld + Barcelona,Multiple (EU),2027-01-15,OPEN NOW - 156 DAYS REMAINING,"Full EU scholarship: tuition + EUR 1,000/mo + travel",None,English IELTS 6.5+ + strong mathematics background,CE,0,Very High,Economics / Quantitative Methods,N/A,Highly mathematical; strong academic background required; prestigious and competitive,https://www.qem.eu,Global - Business
120,Erasmus Mundus – Law (EMJMD Law),LLM (various specialisations),Various EU law faculties,Multiple (EU),2027-01-15,OPEN NOW - 156 DAYS REMAINING,"Full EU scholarship: tuition + EUR 1,000/mo + travel",None,English IELTS 6.5+ / French,CE,0,High,Law,N/A,Check Erasmus Mundus catalogue for specific LLM programmes with 2027 intakes,https://www.eacea.ec.europa.eu/scholarships/erasmus-mundus-catalogue_en,Global - Law
121,Erasmus Mundus – Food Science,MSc Food Science and Technology,Various EU universities,Multiple (EU),2027-01-15,OPEN NOW - 156 DAYS REMAINING,"Full EU scholarship: tuition + EUR 1,400/mo + travel",None,English IELTS 6.5+,CE,0,High,Food Science / Agriculture,N/A,Relevant to food-water-energy nexus; non-EU eligible for EM scholarship,https://www.eacea.ec.europa.eu/scholarships/erasmus-mundus-catalogue_en,Global - Agriculture
122,Erasmus Mundus – Journalism (EMA / MUNDUS JOURNALISM),MA International Journalism,"Various EU universities (Aarhus, Madrid, Brussels, etc.)",Multiple (EU),2027-01-15,OPEN NOW - 156 DAYS REMAINING,"Full EU scholarship: tuition + EUR 1,000/mo + travel",None,English IELTS 6.5+,CE,0,High,Journalism / Media Studies,N/A,Non-EU nationals eligible; check Erasmus Mundus journalism programmes for 2027 intake,https://www.eacea.ec.europa.eu/scholarships/erasmus-mundus-catalogue_en,Global - Other
123,Erasmus Mundus – Business (MIM – Masters in Management),MSc Management / Business,Various EU business schools,Multiple (EU),2027-01-15,OPEN NOW - 156 DAYS REMAINING,"Full EU scholarship: tuition + EUR 1,000/mo + travel",None,English IELTS 6.5+ + GMAT/GRE for some,CE,0,High,Business / Management,N/A,Check Erasmus Mundus catalogue for management programmes with 2027 intakes,https://www.eacea.ec.europa.eu/scholarships/erasmus-mundus-catalogue_en,Global - Business
124,COSECSA Fellowship,Surgical training fellowship (MCS ECSA),COSECSA accredited hospitals and universities across East Africa,East Africa,Check website,CHECK WEBSITE,Partial: training support varies by institution and donor,Partial,English,CE,0,Medium,Surgery / Clinical Medicine,N/A,East Africa-based surgical training; Kenya eligible; equivalent to professional clinical qualification,https://www.cosecsa.org,Global - Public Health
125,African Field Epidemiology Network (AFENET) FELTP,Masters in Field Epidemiology (FELTP),Makerere University SPH and regional nodes including Kenya,East Africa / Multiple,Check website,CHECK WEBSITE,Full (government-sponsored in most countries via MoH),None,English,CE,0,Medium,Epidemiology / Public Health,N/A,Kenya FELTP runs through KEMRI/Ministry of Health; highly practical outbreak response training; apply via MoH Kenya,https://www.afenet.net,Global - Public Health
126,Global Health Corps Fellowship,1-year fellowship (not a degree) in global health organisations,Global health organisations in US and Africa,Multiple,Check website,CHECK WEBSITE,Full: stipend + housing + health insurance + professional development,None,English,CE,0,High,Global Health / Public Health / Development,N/A,Placed at global health NGOs / governments; early-career focus; strong African placement options,https://ghcorps.org,Global - Public Health
127,Said Business School – Africa MBA Scholarships (Oxford),"MBA at Said Business School, University of Oxford",University of Oxford,United Kingdom,2027-01-06,OPEN NOW - 147 DAYS REMAINING,Full or partial (multiple streams including Skoll for social enterprise),"None (MBA fees approx GBP 53,000)",High GMAT / GRE + IELTS 7.5+,LE,0,Extremely High,Business / Social Enterprise / Finance,N/A,Highly competitive; Skoll Scholarship specifically targets social entrepreneurs from Africa; strong impact story required,https://www.sbs.ox.ac.uk/programmes/oxford-mba/fees-and-funding/scholarships,Global - Business
128,Africa Leadership University (ALU) Scholarship,Masters in Entrepreneurial Leadership (MEL),ALU Rwanda,Rwanda,Check website,CHECK WEBSITE,Full and partial scholarships available; up to full tuition + stipend,Varies,English,CE,0,High,Entrepreneurship / Leadership / Business,N/A,Africa-focused; pan-African campus; practical leadership model; particularly accessible for East African applicants,https://www.alueducation.com,Global - Business
129,Hubert H. Humphrey Fellowship (Fulbright HHH),"10-month non-degree professional development in public policy, education, public health, etc.",Various US universities,United States,2026-09-30,OPEN NOW - 49 DAYS REMAINING,Full: tuition + stipend + professional activities + travel,None,TOEFL 525+ PBT / 70+ iBT,CE,0,High,Public Policy / Development / Education / Public Health,N/A,Kenya on eligible country list; apply via USEC Nairobi; mid-career professionals preferred,https://www.humphreyfellowship.org,Global - Public Policy
130,Obama Foundation Scholars Program,One-year leadership and development programme (MA-level),University of Chicago (Harris) or Columbia SIPA,United States,Check website,CHECK WEBSITE,Full: tuition + living stipend + travel,None,High English proficiency,LE,0,Extremely High,Public Policy / Leadership,N/A,Africa-focused leaders under 40; extraordinarily competitive; check for 2027 cycle opening,https://www.obama.org/scholars/,Global - Public Policy
131,East-West Center Graduate Degree Fellowship,Masters or PhD at University of Hawaii at Manoa (Asia-Pacific focus),University of Hawaii at Manoa,United States,2026-11-01,OPEN NOW - 81 DAYS REMAINING,Full: tuition + living allowance + health insurance + activities,None,TOEFL 600+ PBT / 100+ iBT or IELTS 7.0+,LE,0,High,Asia-Pacific Studies / Development / Environment,N/A,Primarily for Asia-Pacific region; African applicants considered on limited basis; listed for global coverage,https://www.eastwestcenter.org/education/ewc-graduate-degree-fellowship,Global - Social Sciences
132,Swiss Excellence Scholarships (FCS),PhD or postdoc research at Swiss universities,"ETH Zurich, EPFL, Swiss universities",Switzerland,2026-11-15,OPEN NOW - 95 DAYS REMAINING,Full: monthly stipend + housing + health insurance + travel,None,English / French / German,CE,0,High,All fields (research focus),N/A,Apply via Swiss Embassy in Nairobi; deadline approx Nov each year; mainly research/PhD level,https://www.sbfi.admin.ch/sbfi/en/home/education/scholarships-and-grants/swiss-government-excellence-scholarships.html,Global - Sciences
133,Spanish Government Scholarship (MAEC-AECID),Masters or PhD at Spanish universities,Various Spanish universities,Spain,2026-09-30,OPEN NOW - 49 DAYS REMAINING,Full: tuition + monthly stipend + travel + insurance,None,Spanish B2+ required,LE,0,Medium,All fields,N/A,Kenya eligible; Spanish language is main barrier; AECID also funds short training programmes in Spanish,https://www.aecid.es/EN/becas-y-lectorados,Global - Other
134,Belgian ARES Scholarship,Masters at Belgian universities (development-related fields),"UCLouvain, ULiege, ULB, etc.",Belgium,2027-02-01,OPEN NOW - 173 DAYS REMAINING,Full: tuition + monthly allowance + travel,None,French proficiency required for most programmes,LE,0,Medium,Development / Agriculture / Health / Engineering,N/A,Kenya eligible; French language requirement for most programmes; check ARES website for English-taught options,https://www.ares-ac.be/en/cooperation-au-developpement/scholarships,Global - Other
135,Austrian Government Scholarship (OeAD),Masters or PhD at Austrian universities,"University of Vienna, TU Wien, etc.",Austria,2027-03-01,OPEN NOW - 201 DAYS REMAINING,"Monthly stipend approx EUR 1,050 -- tuition varies",Partial,English / French / German,CE,0,Medium,All fields,N/A,Apply online via OeAD portal; Kenya eligible; deadline approx Mar each year,https://oead.at/en/to-austria/grants-and-scholarships/,Global - Other
136,Islamic Development Bank Merit Scholarship (IsDB),Masters or PhD at IsDB-approved universities,Various universities in IsDB member countries,Multiple,2026-12-31,OPEN NOW - 141 DAYS REMAINING,Full: tuition + monthly stipend + travel + health insurance,None,English or Arabic,LE,0,Medium,All fields (development focus),N/A,Kenya is IsDB member country; Muslim applicants or nationals of member countries; check IsDB website for current cycle,https://www.isdb.org/merit-scholarship-programme,Global - Sciences
137,OPEC Fund for International Development Scholarship,Masters at accredited universities in member countries,Various,Multiple,Check website,CHECK WEBSITE,"Partial: up to USD 10,000/year",Partial,English,LE,0,Medium,Development / Energy / Economics,N/A,Kenya eligible as beneficiary country; check OPEC Fund website for open calls,https://opecfund.org/operations/grants/scholarships,Global - Other
138,Carnegie Corporation of New York – African Scholars,PhD funding and research support at African universities,African universities,Africa,Check website,CHECK WEBSITE,Research grant / fellowship (varies),None,English,CE,0,High,All fields,N/A,Primarily supports African scholars at African institutions; check Carnegie website for current grant cycles,https://www.carnegie.org/programs/international-program/,Global - Other
139,Ford Foundation International Fellowships Program (IFP),"Masters or PhD in social sciences, humanities, arts",Universities in fellows home regions,Multiple,Check website,CHECK WEBSITE,Full: tuition + living + research costs,None,Varies by institution,LE,0,High,Social Sciences / Humanities / Arts,N/A,Focuses on social justice leaders; Kenya eligible; check IFP partner institutions for East Africa,https://www.fordfoundationfellowships.org,Global - Social Sciences
140,Open Society Foundations Scholarship Programs,"Various masters programmes in social sciences, law, public policy","Various institutions (CEU, OSI partner universities)",Multiple,Check website,CHECK WEBSITE,Full or substantial funding (varies by programme),None,English proficiency required,LE,0,High,Social Sciences / Law / Policy,N/A,Multiple streams; check OSF website for East Africa-relevant open calls,https://www.opensocietyfoundations.org/grants,Global - Social Sciences
141,Finnish Government Scholarship Pool,PhD-level research visits (3-9 months) at Finnish universities,Finnish universities,Finland,2026-09-30,OPEN NOW - 49 DAYS REMAINING,"Monthly stipend EUR 1,500 for research visit",None,English,CE,0,Medium,All fields (research visit only -- not a taught masters),N/A,For postgraduate researchers; not a full masters programme; apply via OPH portal,https://www.oph.fi/en/programmes-and-projects/scholarships-and-grants,Global - Other
142,TWAS Research Grants for African Scientists,PhD or postdoc research grant,Home institution in Africa,Kenya / Africa,Check website,CHECK WEBSITE,"Research grant up to USD 15,000",None,English,CE,0,Medium,Sciences,N/A,For scientists in sub-Saharan Africa; not a taught masters but listed for PhD/research awareness,https://twas.org/opportunity/twas-research-grants,Global - Sciences
143,TWAS-DFG Cooperation Visits Programme,PhD fellowship / research visit at German institution,German research institutions,Germany,Check website,CHECK WEBSITE,Partial: travel + stipend for research visit,None,English / German,LE,0,Medium,Sciences / Engineering / Agriculture,N/A,For researchers in developing countries including Kenya; short-term research visits,https://twas.org/opportunity/twas-dfg-cooperation-visits-programme,Global - Sciences
